NO,UPT,X,GARDU INDUK,JADWAL RENCANA,REALISASI,STATUS,JENIS ANOMALI,Status FIX,,,,
1,UPT BANDUNG,UPT BANDUNG,GI 150KV BANDUNG UTARA,9/30/2026,7/2/2026,Close,TS - Mitigasi gangguan akibat binatang ,Close,,,,
2,UPT BANDUNG,UPT BANDUNG,GI 150KV CIANJUR,,7/30/2025,Close,TS - Mitigasi gangguan akibat binatang ,Close,,,,
3,UPT BANDUNG,UPT BANDUNG,GI 150KV CIGERELENG,9/30/2026,6/30/2026,Close,TS - Mitigasi gangguan akibat binatang ,Close,,,,
4,UPT BANDUNG,UPT BANDUNG,GI 150KV NEW RANCAKASUMBA,9/30/2026,6/30/2026,Close,TS - Mitigasi gangguan akibat binatang ,Close,,,,
5,UPT BANDUNG,UPT BANDUNG,GI 150KV PADALARANG BARU,9/30/2026,6/30/2026,Close,TS - Mitigasi gangguan akibat binatang ,Close,,,,
6,UPT BANDUNG,UPT BANDUNG,GI 150KV RAJAMANDALA,9/30/2026,6/30/2026,Close,TS - Mitigasi gangguan akibat binatang ,Close,,,,
7,UPT BANDUNG,UPT BANDUNG,GI 150KV SUKALUYU,9/30/2026,,Open,TS - Mitigasi gangguan akibat binatang ,Open,,,,
8,UPT BANDUNG,UPT BANDUNG,GI 150KV UJUNGBERUNG,9/30/2026,,Open,TS - Mitigasi gangguan akibat binatang ,Open,,,,
9,UPT BANDUNG,UPT BANDUNG,GI 150KV WAYANG WINDU,9/30/2026,,Open,TS - Mitigasi gangguan akibat binatang ,Open,,,,
10,UPT BANDUNG,UPT BANDUNG,GIS 150kV DAYEUHKOLOT,9/30/2026,,Open,TS - Mitigasi gangguan akibat binatang ,Open,,,,
11,UPT BANDUNG,UPT BANDUNG,GIS 150KV KIARACONDONG,9/30/2026,,Open,TS - Mitigasi gangguan akibat binatang ,Open,,,,
12,UPT BANDUNG,UPT BANDUNG,GITET 500KV BANDUNG SELATAN,9/30/2026,,Open,TS - Mitigasi gangguan akibat binatang ,Open,,,,
13,UPT BANDUNG,UPT BANDUNG,GITET 500KV NEW UJUNGBERUNG,9/30/2026,,Open,TS - Mitigasi gangguan akibat binatang ,Open,,,,
14,UPT BEKASI,UPT BEKASI,GI 150KV CIBATU,9/30/2026,,Open,TS - Mitigasi gangguan akibat binatang ,Open,,,,
15,UPT BEKASI,UPT BEKASI,GI 150KV HANKOOK,9/30/2026,,Open,TS - Mitigasi gangguan akibat binatang ,Open,,,,
16,UPT BEKASI,UPT BEKASI,GI 150KV JABABEKA,9/30/2026,,Open,TS - Mitigasi gangguan akibat binatang ,Open,,,,
17,UPT BEKASI,UPT BEKASI,GI 150KV MARGAKARYA,9/30/2026,,Open,TS - Mitigasi gangguan akibat binatang ,Open,,,,76
18,UPT BEKASI,UPT BEKASI,GI 150KV MEKARSARI,9/30/2026,,Open,TS - Mitigasi gangguan akibat binatang ,Open,,,,
19,UPT BEKASI,UPT BEKASI,GI 150KV PINAYUNGAN,9/30/2026,,Open,TS - Mitigasi gangguan akibat binatang ,Open,,,,
20,UPT BEKASI,UPT BEKASI,GI 150KV PONCOL BARU,,6/26/2026,Close,TS - Mitigasi gangguan akibat binatang ,Close,,,,
21,UPT BEKASI,UPT BEKASI,GI 150KV SUKAMAHI,9/30/2026,,Open,TS - Mitigasi gangguan akibat binatang ,Open,,,,
22,UPT BEKASI,UPT BEKASI,GI 150KV TAMBUN,9/30/2026,,Open,TS - Mitigasi gangguan akibat binatang ,Open,,,,
23,UPT BEKASI,UPT BEKASI,GIS 150KV NEW TAMBUN,,3/13/2026,Close,TS - Mitigasi gangguan akibat binatang ,Close,,,,
24,UPT BEKASI,UPT BEKASI,GISTET 500KV NEW TAMBUN,9/30/2026,,Open,TS - Mitigasi gangguan akibat binatang ,Open,,,,
25,UPT BEKASI,UPT BEKASI,GITET 500KV CIBATU,9/30/2026,,Open,TS - Mitigasi gangguan akibat binatang ,Open,,,,
26,UPT BEKASI,UPT BEKASI,GITET 500KV MUARATAWAR,9/30/2026,,Open,TS - Mitigasi gangguan akibat binatang ,Open,,,,
27,UPT BOGOR,UPT BOGOR,GI 150KV BOGOR BARU,7/31/2026,7/6/2026,Close,TS - Mitigasi gangguan akibat binatang ,Close,,,,
28,UPT BOGOR,UPT BOGOR,GI 150KV SENTUL,7/31/2026,6/30/2026,Close,TS - Mitigasi gangguan akibat binatang ,Close,,,,
29,UPT BOGOR,UPT BOGOR,GITET 500KV CIBINONG,7/31/2026,7/6/2026,Close,TS - Mitigasi gangguan akibat binatang ,Close,,,,
30,UPT CIREBON,UPT CIREBON,GI 150KV CIAMIS,,2/16/2026,Close,TS - Mitigasi gangguan akibat binatang ,Close,,,,
31,UPT CIREBON,UPT CIREBON,GI 150KV PLTU INDRAMAYU,,7/16/2026,Close,TS - Mitigasi gangguan akibat binatang ,Close,,,,
32,UPT CIREBON,UPT CIREBON,GI 150KV TASIKMALAYA,,2/12/2026,Close,TS - Mitigasi gangguan akibat binatang ,Close,,,,
33,UPT CIREBON,UPT CIREBON,GI 150KV TASIKMALAYA BARU,,2/12/2026,Close,TS - Mitigasi gangguan akibat binatang ,Close,,,,
34,UPT CIREBON,UPT CIREBON,GITET 500KV MANDIRANCAN,,,Open,TS - Mitigasi gangguan akibat binatang ,Open,,,,
35,UPT CIREBON,UPT CIREBON,GITET 500KV TASIKMALAYA,,3/30/2026,Close,TS - Mitigasi gangguan akibat binatang ,Close,,,,
36,UPT KARAWANG,UPT KARAWANG,GI 150KV CIKUMPAY,8/30/2026,,Open,TS - Mitigasi gangguan akibat binatang ,Open,,,,
37,UPT KARAWANG,UPT KARAWANG,GI 150kV CIRATA BARU,8/30/2026,,Open,TS - Mitigasi gangguan akibat binatang ,Open,,,,
38,UPT KARAWANG,UPT KARAWANG,GI 150KV PARUNGMULYA,8/30/2026,,Open,TS - Mitigasi gangguan akibat binatang ,Open,,,,
39,UPT KARAWANG,UPT KARAWANG,GI 150KV PERURI,8/30/2026,,Open,TS - Mitigasi gangguan akibat binatang ,Open,,,,
40,UPT KARAWANG,UPT KARAWANG,GI 150kV PURWAKARTA,8/30/2026,,Open,TS - Mitigasi gangguan akibat binatang ,Open,,,,
41,UPT KARAWANG,UPT KARAWANG,GI 150KV SUKAMANDI,1/1/2026,1/1/2026,Close,TS - Mitigasi gangguan akibat binatang ,Close,,,,
42,UPT KARAWANG,UPT KARAWANG,GITET 500KV CIRATA,7/18/2026,,Open,TS - Mitigasi gangguan akibat binatang ,Open,,,,
43,UPT KARAWANG,UPT KARAWANG,GITET 500KV DELTAMAS,7/18/2026,,Open,TS - Mitigasi gangguan akibat binatang ,Open,,,,
44,UPT PURWOKERTO,UPT PURWOKERTO,GITET 500KV CILACAP,,,Open,TS - Mitigasi gangguan akibat binatang ,Open,,,,
45,UPT PURWOKERTO,UPT PURWOKERTO,GI 150KV PLTU CILACAP,,,Open,TS - Mitigasi gangguan akibat binatang ,Open,,,,
46,UPT PURWOKERTO,UPT PURWOKERTO,GI 150KV BATANG,,3/17/2026,Close,TS - Mitigasi gangguan akibat binatang ,Close,,,,
47,UPT PURWOKERTO,UPT PURWOKERTO,GI 150KV BATANG NEW,,3/17/2026,Close,TS - Mitigasi gangguan akibat binatang ,Close,,,,
48,UPT PURWOKERTO,UPT PURWOKERTO,GI 150KV BREBES,,3/19/2026,Close,TS - Mitigasi gangguan akibat binatang ,Close,,,,
49,UPT PURWOKERTO,UPT PURWOKERTO,GI 150KV KALIBAKAL,,1/31/2026,Close,TS - Mitigasi gangguan akibat binatang ,Close,,,,
50,UPT PURWOKERTO,UPT PURWOKERTO,GI 150KV KEBASEN,,3/17/2026,Close,TS - Mitigasi gangguan akibat binatang ,Close,,,,
51,UPT PURWOKERTO,UPT PURWOKERTO,GI 150KV PEKALONGAN,,3/16/2026,Close,TS - Mitigasi gangguan akibat binatang ,Close,,,,
52,UPT PURWOKERTO,UPT PURWOKERTO,GI 150KV RAWALO,,4/7/2026,Close,TS - Mitigasi gangguan akibat binatang ,Close,,,,
53,UPT PURWOKERTO,UPT PURWOKERTO,GISTET 500KV ADIPALA,,4/8/2026,Close,TS - Mitigasi gangguan akibat binatang ,Close,,,,
54,UPT PURWOKERTO,UPT PURWOKERTO,GITET 500KV KESUGIHAN,,1/31/2026,Close,TS - Mitigasi gangguan akibat binatang ,Close,,,,
55,UPT PURWOKERTO,UPT PURWOKERTO,GITET 500KV PEMALANG,,3/17/2026,Close,TS - Mitigasi gangguan akibat binatang ,Close,,,,
56,UPT SALATIGA,UPT SALATIGA,GI 150KV BANTUL,,3/3/2026,Close,TS - Mitigasi gangguan akibat binatang ,Close,,,,
57,UPT SALATIGA,UPT SALATIGA,GI 150KV BAWEN,,4/3/2026,Close,TS - Mitigasi gangguan akibat binatang ,Close,,,,
58,UPT SALATIGA,UPT SALATIGA,GI 150KV BOYOLALI,,4/3/2026,Close,TS - Mitigasi gangguan akibat binatang ,Close,,,,
59,UPT SALATIGA,UPT SALATIGA,GI 150KV GODEAN,,6/30/2026,Close,TS - Mitigasi gangguan akibat binatang ,Close,,,,
60,UPT SALATIGA,UPT SALATIGA,GI 150KV GONDANGREJO,,2/28/2026,Close,TS - Mitigasi gangguan akibat binatang ,Close,,,,
61,UPT SALATIGA,UPT SALATIGA,GI 150KV JAJAR,,2/5/2026,Close,TS - Mitigasi gangguan akibat binatang ,Close,,,,
62,UPT SALATIGA,UPT SALATIGA,GI 150KV KENTUNGAN,,4/2/2026,Close,TS - Mitigasi gangguan akibat binatang ,Close,,,,
63,UPT SALATIGA,UPT SALATIGA,GI 150KV KLATEN,,2/26/2026,Close,TS - Mitigasi gangguan akibat binatang ,Close,,,,
64,UPT SALATIGA,UPT SALATIGA,GI 150KV MASARAN,,1/28/2026,Close,TS - Mitigasi gangguan akibat binatang ,Close,,,,
65,UPT SALATIGA,UPT SALATIGA,GI 150KV MOJOSONGO,,3/12/2026,Close,TS - Mitigasi gangguan akibat binatang ,Close,,,,
66,UPT SALATIGA,UPT SALATIGA,GI 150KV PALUR,,2/5/2026,Close,TS - Mitigasi gangguan akibat binatang ,Close,,,,
67,UPT SALATIGA,UPT SALATIGA,GI 150KV PEDAN,,1/31/2026,Close,TS - Mitigasi gangguan akibat binatang ,Close,,,,
68,UPT SALATIGA,UPT SALATIGA,GI 150KV SANGGRAHAN,,2/28/2026,Close,TS - Mitigasi gangguan akibat binatang ,Close,,,,
69,UPT SALATIGA,UPT SALATIGA,GI 150KV SECANG,,4/3/2026,Close,TS - Mitigasi gangguan akibat binatang ,Close,,,,
70,UPT SALATIGA,UPT SALATIGA,GI 150KV SOLOBARU,,2/18/2026,Close,TS - Mitigasi gangguan akibat binatang ,Close,,,,
71,UPT SALATIGA,UPT SALATIGA,GI 150KV SRAGEN,,1/27/2026,Close,TS - Mitigasi gangguan akibat binatang ,Close,,,,
72,UPT SALATIGA,UPT SALATIGA,GI 150KV WONOSARI,,,Open,TS - Mitigasi gangguan akibat binatang ,Open,,,,
73,UPT SALATIGA,UPT SALATIGA,GITET 500KV BOYOLALI,,6/30/2026,Close,TS - Mitigasi gangguan akibat binatang ,Close,,,,
74,UPT SALATIGA,UPT SALATIGA,GITET 500KV PEDAN,,1/31/2026,Close,TS - Mitigasi gangguan akibat binatang ,Close,,,,
75,UPT SEMARANG,UPT SEMARANG,GI 150KV TANJUNG JATI,5/25/2026,5/25/2026,Close,TS - Mitigasi gangguan akibat binatang ,Close,,,,
76,UPT SEMARANG,UPT SEMARANG,GI 150KV JEKULO,5/25/2026,5/25/2026,Close,TS - Mitigasi gangguan akibat binatang ,Close,,,,
77,UPT SEMARANG,UPT SEMARANG,GI 150KV KUDUS,5/25/2026,5/25/2026,Close,TS - Mitigasi gangguan akibat binatang ,Close,,,,
78,UPT SEMARANG,UPT SEMARANG,GI 150KV BLORA,5/22/2026,5/22/2026,Close,TS - Mitigasi gangguan akibat binatang ,Close,,,,
79,UPT SEMARANG,UPT SEMARANG,GI 150KV CEPU,5/22/2026,5/22/2026,Close,TS - Mitigasi gangguan akibat binatang ,Close,,,,
80,UPT SEMARANG,UPT SEMARANG,GI 150KV PATI,5/11/2026,5/11/2026,Close,TS - Mitigasi gangguan akibat binatang ,Close,,,,
81,UPT SEMARANG,UPT SEMARANG,GI 150KV PLTU REMBANG (SLUKE),5/25/2026,5/25/2026,Close,TS - Mitigasi gangguan akibat binatang ,Close,,,,
82,UPT SEMARANG,UPT SEMARANG,GI 150KV SEMEN INDONESIA,5/11/2026,5/11/2026,Close,TS - Mitigasi gangguan akibat binatang ,Close,,,,
83,UPT SEMARANG,UPT SEMARANG,GI 150KV UNGARAN,5/25/2026,5/25/2026,Close,TS - Mitigasi gangguan akibat binatang ,Close,,,,
84,UPT SEMARANG,UPT SEMARANG,GIS 150KV PUDAKPAYUNG,5/19/2026,5/19/2026,Close,TS - Mitigasi gangguan akibat binatang ,Close,,,,
85,UPT SEMARANG,UPT SEMARANG,GITET 500KV UNGARAN,5/25/2026,5/25/2026,Close,TS - Mitigasi gangguan akibat binatang ,Close,,,,
86,UPT BANDUNG,BANDUNG,GITET 500KV BANDUNG SELATAN,2/28/2026,2/28/2026,Good,TS - AHI pada aset kritikal kategori Good,Close,,,,
87,UPT BANDUNG,BANDUNG,GITET 500KV BANDUNG SELATAN,2/28/2026,2/28/2026,Good,TS - AHI pada aset kritikal kategori Good,Close,,,,
88,UPT BANDUNG,BANDUNG,GI 150KV CIANJUR,6/30/2026,6/30/2026,Good,TS - AHI pada aset kritikal kategori Good,Close,,,,
89,UPT BANDUNG,BANDUNG,GI 150KV CIANJUR,,,Good,TS - AHI pada aset kritikal kategori Good,Close,,,,
90,UPT BANDUNG,BANDUNG,GI 150KV SUKALUYU,,,Good,TS - AHI pada aset kritikal kategori Good,Close,,,,
91,UPT BANDUNG,BANDUNG,GI 150KV SUKALUYU,,,Good,TS - AHI pada aset kritikal kategori Good,Close,,,,
92,UPT BANDUNG,BANDUNG,GI 150KV RAJAMANDALA,,,Good,TS - AHI pada aset kritikal kategori Good,Close,,,,
93,UPT BANDUNG,BANDUNG,GI 150KV CIGERELENG,,,Poor,TS - AHI pada aset kritikal kategori Good,Open,,,,
94,UPT BANDUNG,BANDUNG,GITET 500KV NEW UJUNGBERUNG,2/28/2026,2/28/2026,Good,TS - AHI pada aset kritikal kategori Good,Close,,,,
95,UPT BANDUNG,BANDUNG,GITET 500KV NEW UJUNGBERUNG,,,Good,TS - AHI pada aset kritikal kategori Good,Close,,,,
96,UPT BANDUNG,BANDUNG,GI 150KV BANDUNG SELATAN,,,Good,TS - AHI pada aset kritikal kategori Good,Close,,,,
97,UPT BANDUNG,BANDUNG,GI 150KV BANDUNG SELATAN,,,Good,TS - AHI pada aset kritikal kategori Good,Close,,,,
98,UPT BANDUNG,BANDUNG,GIS 150kV DAYEUHKOLOT,,,,TS - AHI pada aset kritikal kategori Good,Open,,,,
99,UPT BANDUNG,BANDUNG,GIS 150kV DAYEUHKOLOT,,,Good,TS - AHI pada aset kritikal kategori Good,Close,,,,
100,UPT BANDUNG,BANDUNG,GIS 150kV DAYEUHKOLOT,,,,TS - AHI pada aset kritikal kategori Good,Open,,,,
101,UPT BANDUNG,BANDUNG,GIS 150kV DAYEUHKOLOT,,,Good,TS - AHI pada aset kritikal kategori Good,Close,,,,
102,UPT BANDUNG,BANDUNG,GI 150KV CIGERELENG,,,Good,TS - AHI pada aset kritikal kategori Good,Close,,,,
103,UPT BANDUNG,BANDUNG,GI 150KV CIGERELENG,,,Fair,TS - AHI pada aset kritikal kategori Good,Open,,,,
104,UPT BANDUNG,BANDUNG,GI 150KV BANDUNG SELATAN,,,Fair,TS - AHI pada aset kritikal kategori Good,Open,,,,
105,UPT BANDUNG,BANDUNG,GI 150KV BANDUNG SELATAN,2/12/2026,2/12/2026,Good,TS - AHI pada aset kritikal kategori Good,Close,,,,
106,UPT BANDUNG,BANDUNG,GI 150KV WAYANG WINDU,,,Poor,TS - AHI pada aset kritikal kategori Good,Open,,,,
107,UPT BANDUNG,BANDUNG,GI 150KV WAYANG WINDU,3/31/2026,3/31/2026,Good,TS - AHI pada aset kritikal kategori Good,Close,,,,
108,UPT BANDUNG,BANDUNG,GI 150KV BANDUNG SELATAN,,,Poor,TS - AHI pada aset kritikal kategori Good,Open,,,,
109,UPT BANDUNG,BANDUNG,GI 150KV BANDUNG SELATAN,,,Good,TS - AHI pada aset kritikal kategori Good,Close,,,,
110,UPT BANDUNG,BANDUNG,GIS 150KV KIARACONDONG,,,Good,TS - AHI pada aset kritikal kategori Good,Close,,,,
111,UPT BANDUNG,BANDUNG,GIS 150KV KIARACONDONG,,,Good,TS - AHI pada aset kritikal kategori Good,Close,,,,
112,UPT BANDUNG,BANDUNG,GI 150KV NEW RANCAKASUMBA,,,Good,TS - AHI pada aset kritikal kategori Good,Close,,,,
113,UPT BANDUNG,BANDUNG,GI 150KV NEW RANCAKASUMBA,,,Good,TS - AHI pada aset kritikal kategori Good,Close,,,,
114,UPT BANDUNG,BANDUNG,GI 150KV UJUNGBERUNG,,,Good,TS - AHI pada aset kritikal kategori Good,Close,,,,
115,UPT BANDUNG,BANDUNG,GI 150KV UJUNGBERUNG,,,Good,TS - AHI pada aset kritikal kategori Good,Close,,,,
116,UPT BANDUNG,BANDUNG,GI 150KV PADALARANG BARU,,,Good,TS - AHI pada aset kritikal kategori Good,Close,,,,
117,UPT BANDUNG,BANDUNG,GI 150KV PADALARANG BARU,,,Poor,TS - AHI pada aset kritikal kategori Good,Open,,,,
118,UPT BANDUNG,BANDUNG,GI 150KV PADALARANG BARU,,,Good,TS - AHI pada aset kritikal kategori Good,Close,,,,
119,UPT BANDUNG,BANDUNG,GI 150KV PADALARANG BARU,,,Good,TS - AHI pada aset kritikal kategori Good,Close,,,,
120,UPT BANDUNG,BANDUNG,GI 150KV BANDUNG UTARA,,,Good,TS - AHI pada aset kritikal kategori Good,Close,,,,
121,UPT BANDUNG,BANDUNG,GI 150KV BANDUNG UTARA,,,Good,TS - AHI pada aset kritikal kategori Good,Close,,,,
122,UPT BEKASI,BEKASI,GITET 500KV MUARATAWAR,,,Good,TS - AHI pada aset kritikal kategori Good,Close,,,,
123,UPT BEKASI,BEKASI,GISTET 500KV NEW TAMBUN,5/30/2025,5/30/2025,Good,TS - AHI pada aset kritikal kategori Good,Close,,,,
124,UPT BEKASI,BEKASI,GITET 500KV CIBATU,1/31/2026,1/31/2026,Good,TS - AHI pada aset kritikal kategori Good,Close,,,,
125,UPT BEKASI,BEKASI,GITET 500KV CIBATU,1/31/2026,1/31/2026,Good,TS - AHI pada aset kritikal kategori Good,Close,,,,
126,UPT BEKASI,BEKASI,GI 150KV CIBATU,,,Poor,TS - AHI pada aset kritikal kategori Good,Open,,,,
127,UPT BEKASI,BEKASI,GI 150KV CIBATU,6/30/2026,6/30/2026,Good,TS - AHI pada aset kritikal kategori Good,Close,,,,
128,UPT BEKASI,BEKASI,GI 150KV MEKARSARI,,,Critical,TS - AHI pada aset kritikal kategori Good,Open,,,,
129,UPT BEKASI,BEKASI,GI 150KV MEKARSARI,,,Fair,TS - AHI pada aset kritikal kategori Good,Open,,,,
130,UPT BEKASI,BEKASI,GI 150KV MEKARSARI,6/30/2026,6/30/2026,Good,TS - AHI pada aset kritikal kategori Good,Close,,,,
131,UPT BEKASI,BEKASI,GI 150KV MEKARSARI,6/30/2026,6/30/2026,Good,TS - AHI pada aset kritikal kategori Good,Close,,,,
132,UPT BEKASI,BEKASI,GI 150KV PINAYUNGAN,,,Poor,TS - AHI pada aset kritikal kategori Good,Open,,,,
133,UPT BEKASI,BEKASI,GI 150KV PINAYUNGAN,6/30/2026,6/30/2026,Good,TS - AHI pada aset kritikal kategori Good,Close,,,,
134,UPT BEKASI,BEKASI,GI 150KV PINAYUNGAN,,,Good,TS - AHI pada aset kritikal kategori Good,Close,,,,
135,UPT BEKASI,BEKASI,GI 150KV PINAYUNGAN,1/31/2026,1/31/2026,Good,TS - AHI pada aset kritikal kategori Good,Close,,,,
136,UPT BEKASI,BEKASI,GITET 500KV CIBATU,2/28/2026,2/28/2026,Good,TS - AHI pada aset kritikal kategori Good,Close,,,,
137,UPT BEKASI,BEKASI,GI 150KV SUKAMAHI,,,,TS - AHI pada aset kritikal kategori Good,Open,,,,
138,UPT BEKASI,BEKASI,GI 150KV SUKAMAHI,,,,TS - AHI pada aset kritikal kategori Good,Open,,,,
139,UPT BEKASI,BEKASI,GI 150KV MARGAKARYA,6/30/2026,6/30/2026,Good,TS - AHI pada aset kritikal kategori Good,Close,,,,
140,UPT BEKASI,BEKASI,GI 150KV MARGAKARYA,6/30/2026,6/30/2026,Good,TS - AHI pada aset kritikal kategori Good,Close,,,,
141,UPT BEKASI,BEKASI,GITET 500KV CIBATU,6/30/2026,6/30/2026,Good,TS - AHI pada aset kritikal kategori Good,Close,,,,
142,UPT BEKASI,BEKASI,GI 150KV CIBATU,6/30/2026,6/30/2026,Good,TS - AHI pada aset kritikal kategori Good,Close,,,,
143,UPT BEKASI,BEKASI,GI 150KV CIBATU,6/30/2026,6/30/2026,Good,TS - AHI pada aset kritikal kategori Good,Close,,,,
144,UPT BEKASI,BEKASI,GI 150KV HANKOOK,6/30/2026,6/30/2026,Good,TS - AHI pada aset kritikal kategori Good,Close,,,,
145,UPT BEKASI,BEKASI,GI 150KV HANKOOK,6/30/2026,6/30/2026,Good,TS - AHI pada aset kritikal kategori Good,Close,,,,
146,UPT BEKASI,BEKASI,GI 150KV HANKOOK,,,Fair,TS - AHI pada aset kritikal kategori Good,Open,,,,
147,UPT BEKASI,BEKASI,GI 150KV HANKOOK,,,Good,TS - AHI pada aset kritikal kategori Good,Close,,,,
148,UPT BEKASI,BEKASI,GI 150KV JABABEKA,,,Poor,TS - AHI pada aset kritikal kategori Good,Open,,,,
149,UPT BEKASI,BEKASI,GI 150KV JABABEKA,,,Fair,TS - AHI pada aset kritikal kategori Good,Open,,,,
150,UPT BEKASI,BEKASI,GISTET 500KV NEW TAMBUN,3/31/2026,3/31/2026,Good,TS - AHI pada aset kritikal kategori Good,Close,,,,
151,UPT BEKASI,BEKASI,GISTET 500KV NEW TAMBUN,4/30/2026,4/30/2026,Good,TS - AHI pada aset kritikal kategori Good,Close,,,,
152,UPT BEKASI,BEKASI,GIS 150KV NEW TAMBUN,4/30/2026,4/30/2026,Good,TS - AHI pada aset kritikal kategori Good,Close,,,,
153,UPT BEKASI,BEKASI,GIS 150KV NEW TAMBUN,4/30/2026,4/30/2026,Good,TS - AHI pada aset kritikal kategori Good,Close,,,,
154,UPT BEKASI,BEKASI,GI 150KV TAMBUN,,6/30/2026,Good,TS - AHI pada aset kritikal kategori Good,Close,,,,
155,UPT BEKASI,BEKASI,GI 150KV TAMBUN,,6/30/2026,Good,TS - AHI pada aset kritikal kategori Good,Close,,,,
156,UPT BEKASI,BEKASI,GI 150KV TAMBUN,,,Critical,TS - AHI pada aset kritikal kategori Good,Open,,,,
157,UPT BEKASI,BEKASI,GI 150KV TAMBUN,,6/30/2026,Good,TS - AHI pada aset kritikal kategori Good,Close,,,,
158,UPT BEKASI,BEKASI,GI 150KV PONCOL BARU,,6/30/2026,Good,TS - AHI pada aset kritikal kategori Good,Close,,,,
159,UPT BEKASI,BEKASI,GI 150KV PONCOL BARU,,6/30/2026,Good,TS - AHI pada aset kritikal kategori Good,Close,,,,
160,UPT BOGOR,BOGOR,GITET 500KV CIBINONG,5/30/2025,5/30/2025,Good,TS - AHI pada aset kritikal kategori Good,Close,,,,
161,UPT BOGOR,BOGOR,GI 150KV BOGOR BARU,5/30/2025,5/30/2025,Good,TS - AHI pada aset kritikal kategori Good,Close,,,,
162,UPT BOGOR,BOGOR,GI 150KV BOGOR BARU,5/30/2025,5/30/2025,Good,TS - AHI pada aset kritikal kategori Good,Close,,,,
163,UPT BOGOR,BOGOR,GI 150KV SENTUL,5/30/2025,5/30/2025,Good,TS - AHI pada aset kritikal kategori Good,Close,,,,
164,UPT BOGOR,BOGOR,GI 150KV SENTUL,3/2/2026,3/2/2026,Good,TS - AHI pada aset kritikal kategori Good,Close,,,,
165,UPT CIREBON,CIREBON,GITET 500KV MANDIRANCAN,1/12/2026,1/12/2026,Good,TS - AHI pada aset kritikal kategori Good,Close,,,,
166,UPT CIREBON,CIREBON,GITET 500KV MANDIRANCAN,,,Critical,TS - AHI pada aset kritikal kategori Good,Open,,,,
167,UPT CIREBON,CIREBON,GI 150KV PLTU INDRAMAYU,1/31/2026,1/31/2026,Good,TS - AHI pada aset kritikal kategori Good,Close,,,,
168,UPT CIREBON,CIREBON,GI 150KV PLTU INDRAMAYU,2/28/2026,2/28/2026,Good,TS - AHI pada aset kritikal kategori Good,Close,,,,
169,UPT CIREBON,CIREBON,GITET 500KV TASIKMALAYA,,,Good,TS - AHI pada aset kritikal kategori Good,Close,,,,
170,UPT CIREBON,CIREBON,GITET 500KV TASIKMALAYA,,,Good,TS - AHI pada aset kritikal kategori Good,Close,,,,
171,UPT CIREBON,CIREBON,GI 150KV TASIKMALAYA BARU,,,Good,TS - AHI pada aset kritikal kategori Good,Close,,,,
172,UPT CIREBON,CIREBON,GI 150KV TASIKMALAYA BARU,,,Good,TS - AHI pada aset kritikal kategori Good,Close,,,,
173,UPT CIREBON,CIREBON,GI 150KV TASIKMALAYA,,,Good,TS - AHI pada aset kritikal kategori Good,Close,,,,
174,UPT CIREBON,CIREBON,GI 150KV TASIKMALAYA,,,Good,TS - AHI pada aset kritikal kategori Good,Close,,,,
175,UPT CIREBON,CIREBON,GI 150KV TASIKMALAYA,,,Good,TS - AHI pada aset kritikal kategori Good,Close,,,,
176,UPT CIREBON,CIREBON,GI 150KV TASIKMALAYA,,,Good,TS - AHI pada aset kritikal kategori Good,Close,,,,
177,UPT CIREBON,CIREBON,GI 150KV CIAMIS,,,Fair,TS - AHI pada aset kritikal kategori Good,Open,,,,
178,UPT CIREBON,CIREBON,GI 150KV CIAMIS,,,Fair,TS - AHI pada aset kritikal kategori Good,Open,,,,
179,UPT KARAWANG,KARAWANG,GI 150KV PARUNGMULYA,5/30/2025,5/30/2025,Good,TS - AHI pada aset kritikal kategori Good,Close,,,,
180,UPT KARAWANG,KARAWANG,GI 150KV PERURI,6/30/2026,6/30/2026,Good,TS - AHI pada aset kritikal kategori Good,Close,,,,
181,UPT KARAWANG,KARAWANG,GI 150KV SUKAMANDI,6/30/2026,6/30/2026,Good,TS - AHI pada aset kritikal kategori Good,Close,,,,
182,UPT KARAWANG,KARAWANG,GI 150KV SUKAMANDI,6/30/2026,6/30/2026,Good,TS - AHI pada aset kritikal kategori Good,Close,,,,
183,UPT KARAWANG,KARAWANG,GITET 500KV DELTAMAS,,,Critical,TS - AHI pada aset kritikal kategori Good,Open,,,,
184,UPT KARAWANG,KARAWANG,GITET 500KV DELTAMAS,,,Poor,TS - AHI pada aset kritikal kategori Good,Open,,,,
185,UPT KARAWANG,KARAWANG,GITET 500KV CIRATA,3/31/2026,3/31/2026,Good,TS - AHI pada aset kritikal kategori Good,Close,,,,
186,UPT KARAWANG,KARAWANG,GITET 500KV CIRATA,3/31/2026,3/31/2026,Good,TS - AHI pada aset kritikal kategori Good,Close,,,,
187,UPT KARAWANG,KARAWANG,GITET 500KV CIRATA,3/31/2026,3/31/2026,Good,TS - AHI pada aset kritikal kategori Good,Close,,,,
188,UPT KARAWANG,KARAWANG,GI 150KV CIRATA BARU,,,Good,TS - AHI pada aset kritikal kategori Good,Close,,,,
189,UPT KARAWANG,KARAWANG,GI 150KV CIRATA BARU,,,Good,TS - AHI pada aset kritikal kategori Good,Close,,,,
190,UPT KARAWANG,KARAWANG,GI 150KV CIRATA BARU,,,Good,TS - AHI pada aset kritikal kategori Good,Close,,,,
191,UPT KARAWANG,KARAWANG,GI 150KV PURWAKARTA,,,Fair,TS - AHI pada aset kritikal kategori Good,Open,,,,
192,UPT KARAWANG,KARAWANG,GI 150KV PURWAKARTA,,,Fair,TS - AHI pada aset kritikal kategori Good,Open,,,,
193,UPT KARAWANG,KARAWANG,GI 150KV CIKUMPAY,,,Fair,TS - AHI pada aset kritikal kategori Good,Open,,,,
194,UPT KARAWANG,KARAWANG,GISTET 500KV SUKATANI,4/30/2026,4/30/2026,Good,TS - AHI pada aset kritikal kategori Good,Close,,,,
195,UPT KARAWANG,KARAWANG,GISTET 500KV SUKATANI,4/30/2026,4/30/2026,Good,TS - AHI pada aset kritikal kategori Good,Close,,,,
196,UPT PURWOKERTO,PURWOKERTO,GI 150KV BATANG,,,Fair,TS - AHI pada aset kritikal kategori Good,Open,,,,
197,UPT PURWOKERTO,PURWOKERTO,GI 150KV BATANG,,,Poor,TS - AHI pada aset kritikal kategori Good,Open,,,,
198,UPT PURWOKERTO,PURWOKERTO,GI 150KV BATANG,,,Fair,TS - AHI pada aset kritikal kategori Good,Open,,,,
199,UPT PURWOKERTO,PURWOKERTO,GI 150KV BATANG,,,Critical,TS - AHI pada aset kritikal kategori Good,Open,,,,
200,UPT PURWOKERTO,PURWOKERTO,GI 150KV BATANG NEW,,,Fair,TS - AHI pada aset kritikal kategori Good,Open,,,,
201,UPT PURWOKERTO,PURWOKERTO,GI 150KV BATANG NEW,,,Fair,TS - AHI pada aset kritikal kategori Good,Open,,,,
202,UPT PURWOKERTO,PURWOKERTO,GI 150KV BATANG NEW,,,Fair,TS - AHI pada aset kritikal kategori Good,Open,,,,
203,UPT PURWOKERTO,PURWOKERTO,GI 150KV BATANG NEW,,,Fair,TS - AHI pada aset kritikal kategori Good,Open,,,,
204,UPT PURWOKERTO,PURWOKERTO,GI 150KV BREBES,,,Fair,TS - AHI pada aset kritikal kategori Good,Open,,,,
205,UPT PURWOKERTO,PURWOKERTO,GI 150KV BREBES,,,Fair,TS - AHI pada aset kritikal kategori Good,Open,,,,
206,UPT PURWOKERTO,PURWOKERTO,GI 150KV KALIBAKAL,,,Critical,TS - AHI pada aset kritikal kategori Good,Open,,,,
207,UPT PURWOKERTO,PURWOKERTO,GI 150KV KALIBAKAL,,,Fair,TS - AHI pada aset kritikal kategori Good,Open,,,,
208,UPT PURWOKERTO,PURWOKERTO,GI 150KV KEBASEN,,,Fair,TS - AHI pada aset kritikal kategori Good,Open,,,,
209,UPT PURWOKERTO,PURWOKERTO,GI 150KV KEBASEN,,,Fair,TS - AHI pada aset kritikal kategori Good,Open,,,,
210,UPT PURWOKERTO,PURWOKERTO,GI 150KV KESUGIHAN,,,Critical,TS - AHI pada aset kritikal kategori Good,Open,,,,
211,UPT PURWOKERTO,PURWOKERTO,GI 150KV KESUGIHAN,,,Fair,TS - AHI pada aset kritikal kategori Good,Open,,,,
212,UPT PURWOKERTO,PURWOKERTO,GI 150KV PEKALONGAN,,,Fair,TS - AHI pada aset kritikal kategori Good,Open,,,,
213,UPT PURWOKERTO,PURWOKERTO,GI 150KV PEKALONGAN,,,Critical,TS - AHI pada aset kritikal kategori Good,Open,,,,
214,UPT PURWOKERTO,PURWOKERTO,GI 150KV RAWALO,,,Fair,TS - AHI pada aset kritikal kategori Good,Open,,,,
215,UPT PURWOKERTO,PURWOKERTO,GISTET 500KV ADIPALA,,,Very Good,TS - AHI pada aset kritikal kategori Good,Close,,,,
216,UPT PURWOKERTO,PURWOKERTO,GISTET 500KV ADIPALA,,,Very Good,TS - AHI pada aset kritikal kategori Good,Close,,,,
217,UPT PURWOKERTO,PURWOKERTO,GISTET 500KV ADIPALA,,,Very Good,TS - AHI pada aset kritikal kategori Good,Close,,,,
218,UPT PURWOKERTO,PURWOKERTO,GISTET 500KV ADIPALA,,,Very Good,TS - AHI pada aset kritikal kategori Good,Close,,,,
219,UPT PURWOKERTO,PURWOKERTO,GITET 500KV KESUGIHAN,1/31/2026,1/31/2026,Good,TS - AHI pada aset kritikal kategori Good,Close,,,,
220,UPT PURWOKERTO,PURWOKERTO,GITET 500KV KESUGIHAN,,,Good,TS - AHI pada aset kritikal kategori Good,Close,,,,
221,UPT PURWOKERTO,PURWOKERTO,GITET 500KV KESUGIHAN,,,Good,TS - AHI pada aset kritikal kategori Good,Close,,,,
222,UPT PURWOKERTO,PURWOKERTO,GITET 500KV KESUGIHAN,,,Good,TS - AHI pada aset kritikal kategori Good,Close,,,,
223,UPT PURWOKERTO,PURWOKERTO,GITET 500KV PEMALANG,1/31/2026,1/31/2026,Good,TS - AHI pada aset kritikal kategori Good,Close,,,,
224,UPT PURWOKERTO,PURWOKERTO,GITET 500KV PEMALANG,5/30/2026,5/30/2026,Good,TS - AHI pada aset kritikal kategori Good,Close,,,,
225,UPT PURWOKERTO,PURWOKERTO,GITET 500KV PEMALANG,1/31/2026,1/31/2026,Good,TS - AHI pada aset kritikal kategori Good,Close,,,,
226,UPT PURWOKERTO,PURWOKERTO,GITET 500KV PEMALANG,1/31/2026,1/31/2026,Good,TS - AHI pada aset kritikal kategori Good,Close,,,,
227,UPT SALATIGA,SALATIGA,GI 150KV BANTUL,,,Good,TS - AHI pada aset kritikal kategori Good,Close,,,,
228,UPT SALATIGA,SALATIGA,GI 150KV BANTUL,,,Fair,TS - AHI pada aset kritikal kategori Good,Open,,,,
229,UPT SALATIGA,SALATIGA,GI 150KV BANTUL,,,Good,TS - AHI pada aset kritikal kategori Good,Close,,,,
230,UPT SALATIGA,SALATIGA,GI 150KV BANTUL,,,Good,TS - AHI pada aset kritikal kategori Good,Close,,,,
231,UPT SALATIGA,SALATIGA,GI 150KV BAWEN,,,Good,TS - AHI pada aset kritikal kategori Good,Close,,,,
232,UPT SALATIGA,SALATIGA,GI 150KV BAWEN,,,Good,TS - AHI pada aset kritikal kategori Good,Close,,,,
233,UPT SALATIGA,SALATIGA,GI 150KV BOYOLALI,,,Good,TS - AHI pada aset kritikal kategori Good,Close,,,,
234,UPT SALATIGA,SALATIGA,GI 150KV BOYOLALI,2/23/2026,2/23/2026,Good,TS - AHI pada aset kritikal kategori Good,Close,,,,
235,UPT SALATIGA,SALATIGA,GI 150KV GODEAN,,,Good,TS - AHI pada aset kritikal kategori Good,Close,,,,
236,UPT SALATIGA,SALATIGA,GI 150KV GODEAN,,,Fair,TS - AHI pada aset kritikal kategori Good,Open,,,,
237,UPT SALATIGA,SALATIGA,GI 150KV GODEAN,,,Good,TS - AHI pada aset kritikal kategori Good,Close,,,,
238,UPT SALATIGA,SALATIGA,GI 150KV GODEAN,,,Good,TS - AHI pada aset kritikal kategori Good,Close,,,,
239,UPT SALATIGA,SALATIGA,GI 150KV GONDANGREJO,,,Good,TS - AHI pada aset kritikal kategori Good,Close,,,,
240,UPT SALATIGA,SALATIGA,GI 150KV GONDANGREJO,,,Good,TS - AHI pada aset kritikal kategori Good,Close,,,,
241,UPT SALATIGA,SALATIGA,GI 150KV GONDANGREJO,,,Good,TS - AHI pada aset kritikal kategori Good,Close,,,,
242,UPT SALATIGA,SALATIGA,GI 150KV GONDANGREJO,,,Good,TS - AHI pada aset kritikal kategori Good,Close,,,,
243,UPT SALATIGA,SALATIGA,GI 150KV JAJAR,,,Fair,TS - AHI pada aset kritikal kategori Good,Open,,,,
244,UPT SALATIGA,SALATIGA,GI 150KV JAJAR,,,Good,TS - AHI pada aset kritikal kategori Good,Close,,,,
245,UPT SALATIGA,SALATIGA,GI 150KV JAJAR,2/23/2026,2/23/2026,Good,TS - AHI pada aset kritikal kategori Good,Close,,,,
246,UPT SALATIGA,SALATIGA,GI 150KV JAJAR,,,Good,TS - AHI pada aset kritikal kategori Good,Close,,,,
247,UPT SALATIGA,SALATIGA,GI 150KV KENTUNGAN,,,Fair,TS - AHI pada aset kritikal kategori Good,Open,,,,
248,UPT SALATIGA,SALATIGA,GI 150KV KENTUNGAN,,,Good,TS - AHI pada aset kritikal kategori Good,Close,,,,
249,UPT SALATIGA,SALATIGA,GI 150KV KENTUNGAN,,,Fair,TS - AHI pada aset kritikal kategori Good,Open,,,,
250,UPT SALATIGA,SALATIGA,GI 150KV KENTUNGAN,,,Good,TS - AHI pada aset kritikal kategori Good,Close,,,,
251,UPT SALATIGA,SALATIGA,GI 150KV KLATEN,,,Good,TS - AHI pada aset kritikal kategori Good,Close,,,,
252,UPT SALATIGA,SALATIGA,GI 150KV KLATEN,,,Poor,TS - AHI pada aset kritikal kategori Good,Open,,,,
253,UPT SALATIGA,SALATIGA,GI 150KV KLATEN,,,Good,TS - AHI pada aset kritikal kategori Good,Close,,,,
254,UPT SALATIGA,SALATIGA,GI 150KV KLATEN,,,Fair,TS - AHI pada aset kritikal kategori Good,Open,,,,
255,UPT SALATIGA,SALATIGA,GI 150KV MASARAN,,,Fair,TS - AHI pada aset kritikal kategori Good,Open,,,,
256,UPT SALATIGA,SALATIGA,GI 150KV MASARAN,,,Fair,TS - AHI pada aset kritikal kategori Good,Open,,,,
257,UPT SALATIGA,SALATIGA,GI 150KV MOJOSONGO,,,Good,TS - AHI pada aset kritikal kategori Good,Close,,,,
258,UPT SALATIGA,SALATIGA,GI 150KV MOJOSONGO,1/31/2026,1/31/2026,Good,TS - AHI pada aset kritikal kategori Good,Close,,,,
259,UPT SALATIGA,SALATIGA,GI 150KV PALUR,,,Good,TS - AHI pada aset kritikal kategori Good,Close,,,,
260,UPT SALATIGA,SALATIGA,GI 150KV PALUR,,,Good,TS - AHI pada aset kritikal kategori Good,Close,,,,
261,UPT SALATIGA,SALATIGA,GI 150KV PALUR,,,Fair,TS - AHI pada aset kritikal kategori Good,Open,,,,
262,UPT SALATIGA,SALATIGA,GI 150KV PALUR,,,Good,TS - AHI pada aset kritikal kategori Good,Close,,,,
263,UPT SALATIGA,SALATIGA,GI 150KV PALUR,2/28/2026,2/28/2026,Good,TS - AHI pada aset kritikal kategori Good,Close,,,,
264,UPT SALATIGA,SALATIGA,GI 150KV PALUR,,,Good,TS - AHI pada aset kritikal kategori Good,Close,,,,
265,UPT SALATIGA,SALATIGA,GI 150KV PEDAN,,,Poor,TS - AHI pada aset kritikal kategori Good,Open,,,,
266,UPT SALATIGA,SALATIGA,GI 150KV PEDAN,,,Good,TS - AHI pada aset kritikal kategori Good,Close,,,,
267,UPT SALATIGA,SALATIGA,GI 150KV PEDAN,,,Good,TS - AHI pada aset kritikal kategori Good,Close,,,,
268,UPT SALATIGA,SALATIGA,GI 150KV PEDAN,,,Good,TS - AHI pada aset kritikal kategori Good,Close,,,,
269,UPT SALATIGA,SALATIGA,GI 150KV PEDAN,,,Fair,TS - AHI pada aset kritikal kategori Good,Open,,,,
270,UPT SALATIGA,SALATIGA,GI 150KV PEDAN,,,Good,TS - AHI pada aset kritikal kategori Good,Close,,,,
271,UPT SALATIGA,SALATIGA,GI 150KV PEDAN,,,Good,TS - AHI pada aset kritikal kategori Good,Close,,,,
272,UPT SALATIGA,SALATIGA,GI 150KV PEDAN,,,Fair,TS - AHI pada aset kritikal kategori Good,Open,,,,
273,UPT SALATIGA,SALATIGA,GI 150KV PEDAN,,,Good,TS - AHI pada aset kritikal kategori Good,Close,,,,
274,UPT SALATIGA,SALATIGA,GI 150KV PEDAN,,,Good,TS - AHI pada aset kritikal kategori Good,Close,,,,
275,UPT SALATIGA,SALATIGA,GI 150KV SANGGRAHAN,,,Good,TS - AHI pada aset kritikal kategori Good,Close,,,,
276,UPT SALATIGA,SALATIGA,GI 150KV SECANG,,,Good,TS - AHI pada aset kritikal kategori Good,Close,,,,
277,UPT SALATIGA,SALATIGA,GI 150KV SOLOBARU,,,Good,TS - AHI pada aset kritikal kategori Good,Close,,,,
278,UPT SALATIGA,SALATIGA,GI 150KV SOLOBARU,,,Critical,TS - AHI pada aset kritikal kategori Good,Open,,,,
279,UPT SALATIGA,SALATIGA,GI 150KV SOLOBARU,,,Good,TS - AHI pada aset kritikal kategori Good,Close,,,,
280,UPT SALATIGA,SALATIGA,GI 150KV SOLOBARU,,,Good,TS - AHI pada aset kritikal kategori Good,Close,,,,
281,UPT SALATIGA,SALATIGA,GI 150KV WONOSARI,,,Good,TS - AHI pada aset kritikal kategori Good,Close,,,,
282,UPT SALATIGA,SALATIGA,GI 150KV WONOSARI,,,Good,TS - AHI pada aset kritikal kategori Good,Close,,,,
283,UPT SALATIGA,SALATIGA,GI 150KV WONOSARI,,,Critical,TS - AHI pada aset kritikal kategori Good,Open,,,,
284,UPT SALATIGA,SALATIGA,GI 150KV WONOSARI,,,Fair,TS - AHI pada aset kritikal kategori Good,Open,,,,
285,UPT SALATIGA,SALATIGA,GITET 500KV BOYOLALI,2/28/2026,2/28/2026,Very Good,TS - AHI pada aset kritikal kategori Good,Close,,,,
286,UPT SALATIGA,SALATIGA,GITET 500KV BOYOLALI,2/28/2026,2/28/2026,Very Good,TS - AHI pada aset kritikal kategori Good,Close,,,,
287,UPT SALATIGA,SALATIGA,GITET 500KV BOYOLALI,2/28/2026,2/28/2026,Very Good,TS - AHI pada aset kritikal kategori Good,Close,,,,
288,UPT SALATIGA,SALATIGA,GITET 500KV BOYOLALI,2/28/2026,2/28/2026,Very Good,TS - AHI pada aset kritikal kategori Good,Close,,,,
289,UPT SALATIGA,SALATIGA,GITET 500KV PEDAN,,,Good,TS - AHI pada aset kritikal kategori Good,Close,,,,
290,UPT SALATIGA,SALATIGA,GITET 500KV PEDAN,,,Good,TS - AHI pada aset kritikal kategori Good,Close,,,,
291,UPT SALATIGA,SALATIGA,GITET 500KV PEDAN,,,Fair,TS - AHI pada aset kritikal kategori Good,Open,,,,
292,UPT SALATIGA,SALATIGA,GITET 500KV PEDAN,3/31/2026,3/31/2026,Good,TS - AHI pada aset kritikal kategori Good,Close,,,,
293,UPT SALATIGA,SALATIGA,GITET 500KV PEDAN,,,Good,TS - AHI pada aset kritikal kategori Good,Close,,,,
294,UPT SEMARANG,SEMARANG,GI 150KV BLORA,,,Poor,TS - AHI pada aset kritikal kategori Good,Open,,,,
295,UPT SEMARANG,SEMARANG,GI 150KV BLORA,,,Fair,TS - AHI pada aset kritikal kategori Good,Open,,,,
296,UPT SEMARANG,SEMARANG,GI 150KV CEPU,,,Fair,TS - AHI pada aset kritikal kategori Good,Open,,,,
297,UPT SEMARANG,SEMARANG,GI 150KV CEPU,,,Fair,TS - AHI pada aset kritikal kategori Good,Open,,,,
298,UPT SEMARANG,SEMARANG,GI 150KV JEKULO,,,Fair,TS - AHI pada aset kritikal kategori Good,Open,,,,
299,UPT SEMARANG,SEMARANG,GI 150KV JEKULO,,,Fair,TS - AHI pada aset kritikal kategori Good,Open,,,,
300,UPT SEMARANG,SEMARANG,GI 150KV JEKULO,,,Fair,TS - AHI pada aset kritikal kategori Good,Open,,,,
301,UPT SEMARANG,SEMARANG,GI 150KV JEKULO,3/31/2026,3/31/2026,Good,TS - AHI pada aset kritikal kategori Good,Close,,,,
302,UPT SEMARANG,SEMARANG,GI 150KV KUDUS,,,Poor,TS - AHI pada aset kritikal kategori Good,Open,,,,
303,UPT SEMARANG,SEMARANG,GI 150KV KUDUS,,,Fair,TS - AHI pada aset kritikal kategori Good,Open,,,,
304,UPT SEMARANG,SEMARANG,GI 150KV PATI,,,Fair,TS - AHI pada aset kritikal kategori Good,Open,,,,
305,UPT SEMARANG,SEMARANG,GI 150KV PATI,,,Fair,TS - AHI pada aset kritikal kategori Good,Open,,,,
306,UPT SEMARANG,SEMARANG,GI 150KV PATI,,,Fair,TS - AHI pada aset kritikal kategori Good,Open,,,,
307,UPT SEMARANG,SEMARANG,GI 150KV PATI,,,Fair,TS - AHI pada aset kritikal kategori Good,Open,,,,
308,UPT SEMARANG,SEMARANG,GI 150KV PLTU REMBANG (SLUKE),3/31/2026,3/31/2026,Good,TS - AHI pada aset kritikal kategori Good,Close,,,,
309,UPT SEMARANG,SEMARANG,GI 150KV PLTU REMBANG (SLUKE),3/31/2026,3/31/2026,Good,TS - AHI pada aset kritikal kategori Good,Close,,,,
310,UPT SEMARANG,SEMARANG,GI 150KV REMBANG,,,Fair,TS - AHI pada aset kritikal kategori Good,Open,,,,
311,UPT SEMARANG,SEMARANG,GI 150KV REMBANG,,,Fair,TS - AHI pada aset kritikal kategori Good,Open,,,,
312,UPT SEMARANG,SEMARANG,GI 150KV SEMEN INDONESIA,,,Fair,TS - AHI pada aset kritikal kategori Good,Open,,,,
313,UPT SEMARANG,SEMARANG,GI 150KV SEMEN INDONESIA,,,Fair,TS - AHI pada aset kritikal kategori Good,Open,,,,
314,UPT SEMARANG,SEMARANG,GI 150KV UNGARAN,,,Fair,TS - AHI pada aset kritikal kategori Good,Open,,,,
315,UPT SEMARANG,SEMARANG,GI 150KV UNGARAN,,,Good,TS - AHI pada aset kritikal kategori Good,Close,,,,
316,UPT SEMARANG,SEMARANG,GI 150KV UNGARAN,,,Fair,TS - AHI pada aset kritikal kategori Good,Open,,,,
317,UPT SEMARANG,SEMARANG,GI 150KV UNGARAN,,,Fair,TS - AHI pada aset kritikal kategori Good,Open,,,,
318,UPT SEMARANG,SEMARANG,GI 150KV UNGARAN,,,Fair,TS - AHI pada aset kritikal kategori Good,Open,,,,
319,UPT SEMARANG,SEMARANG,GIS 150KV PUDAKPAYUNG,3/31/2026,3/31/2026,Good,TS - AHI pada aset kritikal kategori Good,Close,,,,
320,UPT SEMARANG,SEMARANG,GIS 150KV PUDAKPAYUNG,,,Good,TS - AHI pada aset kritikal kategori Good,Close,,,,
321,UPT SEMARANG,SEMARANG,GITET 500KV UNGARAN,4/30/2026,4/30/2026,Good,TS - AHI pada aset kritikal kategori Good,Close,,,,
322,UPT SEMARANG,SEMARANG,GITET 500KV UNGARAN,4/30/2026,4/30/2026,Good,TS - AHI pada aset kritikal kategori Good,Close,,,,
323,UPT SEMARANG,SEMARANG,GITET 500KV UNGARAN,4/30/2026,4/30/2026,Good,TS - AHI pada aset kritikal kategori Good,Close,,,,
324,UPT SEMARANG,SEMARANG,GITET 500KV UNGARAN,4/30/2026,4/30/2026,Good,TS - AHI pada aset kritikal kategori Good,Close,,,,
325,UPT SEMARANG,SEMARANG,GITET 500KV UNGARAN,,,Fair,TS - AHI pada aset kritikal kategori Good,Open,,,,
326,UPT SEMARANG,SEMARANG,GITET 500KV UNGARAN,4/30/2026,4/30/2026,Good,TS - AHI pada aset kritikal kategori Good,Close,,,,
327,UPT BANDUNG,UPT BANDUNG,GI 150KV BANDUNG SELATAN,3/3/2026,,1-Very Good,TS - Sistem Pentanahan/Grounding,Close,,,,
328,UPT BANDUNG,UPT BANDUNG,GI 150KV BANDUNG UTARA,1/31/2026,,1-Very Good,TS - Sistem Pentanahan/Grounding,Close,,,,
329,UPT BANDUNG,UPT BANDUNG,GI 150KV CIANJUR,1/31/2026,,1-Very Good,TS - Sistem Pentanahan/Grounding,Close,,,,
330,UPT BANDUNG,UPT BANDUNG,GI 150KV CIGERELENG,2/28/2026,,1-Very Good,TS - Sistem Pentanahan/Grounding,Close,,,,
331,UPT BANDUNG,UPT BANDUNG,GI 150KV NEW RANCAKASUMBA,2/28/2026,,1-Very Good,TS - Sistem Pentanahan/Grounding,Close,,,,
332,UPT BANDUNG,UPT BANDUNG,GI 150KV PADALARANG BARU,2/28/2026,,1-Very Good,TS - Sistem Pentanahan/Grounding,Close,,,,
333,UPT BANDUNG,UPT BANDUNG,GI 150KV RAJAMANDALA,2/28/2026,,1-Very Good,TS - Sistem Pentanahan/Grounding,Close,,,,
334,UPT BANDUNG,UPT BANDUNG,GI 150KV SUKALUYU,2/28/2026,,1-Very Good,TS - Sistem Pentanahan/Grounding,Close,,,,
335,UPT BANDUNG,UPT BANDUNG,GI 150KV UJUNGBERUNG,2/28/2026,,1-Very Good,TS - Sistem Pentanahan/Grounding,Close,,,,
336,UPT BANDUNG,UPT BANDUNG,GI 150KV WAYANG WINDU,2/28/2026,,1-Very Good,TS - Sistem Pentanahan/Grounding,Close,,,,
337,UPT BANDUNG,UPT BANDUNG,GIS 150kV DAYEUHKOLOT,,,1-Very Good,TS - Sistem Pentanahan/Grounding,Close,,,,
338,UPT BANDUNG,UPT BANDUNG,GIS 150KV KIARACONDONG,,,1-Very Good,TS - Sistem Pentanahan/Grounding,Close,,,,
339,UPT BANDUNG,UPT BANDUNG,GITET 500KV BANDUNG SELATAN,,,1-Very Good,TS - Sistem Pentanahan/Grounding,Close,,,,
340,UPT BANDUNG,UPT BANDUNG,GITET 500KV NEW UJUNGBERUNG,,,1-Very Good,TS - Sistem Pentanahan/Grounding,Close,,,,
341,UPT BEKASI,UPT BEKASI,GI 150KV CIBATU,,,1-Very Good,TS - Sistem Pentanahan/Grounding,Close,,,,
342,UPT BEKASI,UPT BEKASI,GI 150KV HANKOOK,,,1-Very Good,TS - Sistem Pentanahan/Grounding,Close,,,,
343,UPT BEKASI,UPT BEKASI,GI 150KV JABABEKA,,,1-Very Good,TS - Sistem Pentanahan/Grounding,Close,,,,
344,UPT BEKASI,UPT BEKASI,GI 150KV MARGAKARYA,,,1-Very Good,TS - Sistem Pentanahan/Grounding,Close,,,,
345,UPT BEKASI,UPT BEKASI,GI 150KV MEKARSARI,,,1-Very Good,TS - Sistem Pentanahan/Grounding,Close,,,,
346,UPT BEKASI,UPT BEKASI,GI 150KV PINAYUNGAN,,3/3/2026,1-Very Good,TS - Sistem Pentanahan/Grounding,Close,,,,
347,UPT BEKASI,UPT BEKASI,GI 150KV PONCOL BARU,,,1-Very Good,TS - Sistem Pentanahan/Grounding,Close,,,,
348,UPT BEKASI,UPT BEKASI,GI 150KV SUKAMAHI,,,1-Very Good,TS - Sistem Pentanahan/Grounding,Close,,,,
349,UPT BEKASI,UPT BEKASI,GI 150KV TAMBUN,,,1-Very Good,TS - Sistem Pentanahan/Grounding,Close,,,,
350,UPT BEKASI,UPT BEKASI,GIS 150KV NEW TAMBUN,,,1-Very Good,TS - Sistem Pentanahan/Grounding,Close,,,,
351,UPT BEKASI,UPT BEKASI,GISTET 500KV NEW TAMBUN,,,1-Very Good,TS - Sistem Pentanahan/Grounding,Close,,,,
352,UPT BEKASI,UPT BEKASI,GITET 500KV CIBATU,,,1-Very Good,TS - Sistem Pentanahan/Grounding,Close,,,,
353,UPT BEKASI,UPT BEKASI,GITET 500KV MUARATAWAR,,,1-Very Good,TS - Sistem Pentanahan/Grounding,Close,,,,
354,UPT BOGOR,UPT BOGOR,GI 150KV BOGOR BARU,2/28/2026,2/28/2026,1-Very Good,TS - Sistem Pentanahan/Grounding,Close,,,,
355,UPT BOGOR,UPT BOGOR,GI 150KV SENTUL,,2/28/2026,1-Very Good,TS - Sistem Pentanahan/Grounding,Close,,,,
356,UPT BOGOR,UPT BOGOR,GITET 500KV CIBINONG,,2/28/2026,1-Very Good,TS - Sistem Pentanahan/Grounding,Close,,,,
357,UPT CIREBON,UPT CIREBON,GI 150KV CIAMIS,,6/30/2026,1-Very Good,TS - Sistem Pentanahan/Grounding,Close,,,,
358,UPT CIREBON,UPT CIREBON,GI 150KV PLTU INDRAMAYU,,6/30/2026,1-Very Good,TS - Sistem Pentanahan/Grounding,Close,,,,
359,UPT CIREBON,UPT CIREBON,GI 150KV TASIKMALAYA,,6/30/2026,1-Very Good,TS - Sistem Pentanahan/Grounding,Close,,,,
360,UPT CIREBON,UPT CIREBON,GI 150KV TASIKMALAYA BARU,,7/30/2026,1-Very Good,TS - Sistem Pentanahan/Grounding,Close,,,,
361,UPT CIREBON,UPT CIREBON,GITET 500KV MANDIRANCAN,,7/30/2026,1-Very Good,TS - Sistem Pentanahan/Grounding,Close,,,,
362,UPT CIREBON,UPT CIREBON,GITET 500KV TASIKMALAYA,,7/30/2026,1-Very Good,TS - Sistem Pentanahan/Grounding,Close,,,,
363,UPT KARAWANG,UPT KARAWANG,GI 150KV CIKUMPAY,,,1-Very Good,TS - Sistem Pentanahan/Grounding,Close,,,,
364,UPT KARAWANG,UPT KARAWANG,GI 150kV CIRATA BARU,,,1-Very Good,TS - Sistem Pentanahan/Grounding,Close,,,,
365,UPT KARAWANG,UPT KARAWANG,GI 150KV PARUNGMULYA,,12/31/2026,5-Critical,TS - Sistem Pentanahan/Grounding,Open,,,,
366,UPT KARAWANG,UPT KARAWANG,GI 150KV PERURI,,,1-Very Good,TS - Sistem Pentanahan/Grounding,Close,,,,
367,UPT KARAWANG,UPT KARAWANG,GI 150kV PURWAKARTA,,,1-Very Good,TS - Sistem Pentanahan/Grounding,Close,,,,
368,UPT KARAWANG,UPT KARAWANG,GI 150KV SUKAMANDI,,12/31/2026,5-Critical,TS - Sistem Pentanahan/Grounding,Open,,,,
369,UPT KARAWANG,UPT KARAWANG,GITET 500KV CIRATA,,,1-Very Good,TS - Sistem Pentanahan/Grounding,Close,,,,
370,UPT KARAWANG,UPT KARAWANG,GITET 500KV DELTAMAS,,,2-Good,TS - Sistem Pentanahan/Grounding,Open,,,,
371,UPT SEMARANG,UPT SEMARANG,GI 150KV TANJUNG JATI,,,1-Very Good,TS - Sistem Pentanahan/Grounding,Close,,,,
372,UPT PURWOKERTO,UPT PURWOKERTO,GITET 500KV CILACAP,,,1-Very Good,TS - Sistem Pentanahan/Grounding,Close,,,,
373,UPT PURWOKERTO,UPT PURWOKERTO,GI 150KV PLTU CILACAP,,,1-Very Good,TS - Sistem Pentanahan/Grounding,Close,,,,
374,UPT PURWOKERTO,UPT PURWOKERTO,GI 150KV BATANG,,,1-Very Good,TS - Sistem Pentanahan/Grounding,Close,,,,
375,UPT PURWOKERTO,UPT PURWOKERTO,GI 150KV BATANG NEW,,,1-Very Good,TS - Sistem Pentanahan/Grounding,Close,,,,
376,UPT PURWOKERTO,UPT PURWOKERTO,GI 150KV BREBES,1/31/2026,,1-Very Good,TS - Sistem Pentanahan/Grounding,Close,,,,
377,UPT PURWOKERTO,UPT PURWOKERTO,GI 150KV KALIBAKAL,,,1-Very Good,TS - Sistem Pentanahan/Grounding,Close,,,,
378,UPT PURWOKERTO,UPT PURWOKERTO,GI 150KV KEBASEN,,,1-Very Good,TS - Sistem Pentanahan/Grounding,Close,,,,
379,UPT PURWOKERTO,UPT PURWOKERTO,GI 150KV PEKALONGAN,,,1-Very Good,TS - Sistem Pentanahan/Grounding,Close,,,,
380,UPT PURWOKERTO,UPT PURWOKERTO,GI 150KV RAWALO,,,1-Very Good,TS - Sistem Pentanahan/Grounding,Close,,,,
381,UPT PURWOKERTO,UPT PURWOKERTO,GISTET 500KV ADIPALA,,,1-Very Good,TS - Sistem Pentanahan/Grounding,Close,,,,
382,UPT PURWOKERTO,UPT PURWOKERTO,GITET 500KV KESUGIHAN,,,1-Very Good,TS - Sistem Pentanahan/Grounding,Close,,,,
383,UPT PURWOKERTO,UPT PURWOKERTO,GITET 500KV PEMALANG,,,1-Very Good,TS - Sistem Pentanahan/Grounding,Close,,,,
384,UPT SALATIGA,UPT SALATIGA,GI 150KV BANTUL,,,1-Very Good,TS - Sistem Pentanahan/Grounding,Close,,,,
385,UPT SALATIGA,UPT SALATIGA,GI 150KV BAWEN,,,1-Very Good,TS - Sistem Pentanahan/Grounding,Close,,,,
386,UPT SALATIGA,UPT SALATIGA,GI 150KV BOYOLALI,,,1-Very Good,TS - Sistem Pentanahan/Grounding,Close,,,,
387,UPT SALATIGA,UPT SALATIGA,GI 150KV GODEAN,,,1-Very Good,TS - Sistem Pentanahan/Grounding,Close,,,,
388,UPT SALATIGA,UPT SALATIGA,GI 150KV GONDANGREJO,,,1-Very Good,TS - Sistem Pentanahan/Grounding,Close,,,,
389,UPT SALATIGA,UPT SALATIGA,GI 150KV JAJAR,,,1-Very Good,TS - Sistem Pentanahan/Grounding,Close,,,,
390,UPT SALATIGA,UPT SALATIGA,GI 150KV KENTUNGAN,,,1-Very Good,TS - Sistem Pentanahan/Grounding,Close,,,,
391,UPT SALATIGA,UPT SALATIGA,GI 150KV KLATEN,,,1-Very Good,TS - Sistem Pentanahan/Grounding,Close,,,,
392,UPT SALATIGA,UPT SALATIGA,GI 150KV MASARAN,,,1-Very Good,TS - Sistem Pentanahan/Grounding,Close,,,,
393,UPT SALATIGA,UPT SALATIGA,GI 150KV MOJOSONGO,,,1-Very Good,TS - Sistem Pentanahan/Grounding,Close,,,,
394,UPT SALATIGA,UPT SALATIGA,GI 150KV PALUR,,,1-Very Good,TS - Sistem Pentanahan/Grounding,Close,,,,
395,UPT SALATIGA,UPT SALATIGA,GI 150KV PEDAN,,,1-Very Good,TS - Sistem Pentanahan/Grounding,Close,,,,
396,UPT SALATIGA,UPT SALATIGA,GI 150KV SANGGRAHAN,,,1-Very Good,TS - Sistem Pentanahan/Grounding,Close,,,,
397,UPT SALATIGA,UPT SALATIGA,GI 150KV SECANG,,,1-Very Good,TS - Sistem Pentanahan/Grounding,Close,,,,
398,UPT SALATIGA,UPT SALATIGA,GI 150KV SOLOBARU,,,1-Very Good,TS - Sistem Pentanahan/Grounding,Close,,,,
399,UPT SALATIGA,UPT SALATIGA,GI 150KV SRAGEN,,,1-Very Good,TS - Sistem Pentanahan/Grounding,Close,,,,
400,UPT SALATIGA,UPT SALATIGA,GI 150KV WONOSARI,,,1-Very Good,TS - Sistem Pentanahan/Grounding,Close,,,,
401,UPT SALATIGA,UPT SALATIGA,GITET 500KV BOYOLALI,,,1-Very Good,TS - Sistem Pentanahan/Grounding,Close,,,,
402,UPT SALATIGA,UPT SALATIGA,GITET 500KV PEDAN,,,1-Very Good,TS - Sistem Pentanahan/Grounding,Close,,,,
403,UPT SEMARANG,UPT SEMARANG,GI 150KV BLORA,,,1-Very Good,TS - Sistem Pentanahan/Grounding,Close,,,,
404,UPT SEMARANG,UPT SEMARANG,GI 150KV CEPU,,,1-Very Good,TS - Sistem Pentanahan/Grounding,Close,,,,
405,UPT SEMARANG,UPT SEMARANG,GI 150KV JEKULO,,,1-Very Good,TS - Sistem Pentanahan/Grounding,Close,,,,
406,UPT SEMARANG,UPT SEMARANG,GI 150KV KUDUS,,,1-Very Good,TS - Sistem Pentanahan/Grounding,Close,,,,
407,UPT SEMARANG,UPT SEMARANG,GI 150KV PATI,,,1-Very Good,TS - Sistem Pentanahan/Grounding,Close,,,,
408,UPT SEMARANG,UPT SEMARANG,GI 150KV PLTU REMBANG (SLUKE),,,1-Very Good,TS - Sistem Pentanahan/Grounding,Close,,,,
409,UPT SEMARANG,UPT SEMARANG,GI 150KV SEMEN INDONESIA,,,1-Very Good,TS - Sistem Pentanahan/Grounding,Close,,,,
410,UPT SEMARANG,UPT SEMARANG,GI 150KV UNGARAN,,,1-Very Good,TS - Sistem Pentanahan/Grounding,Close,,,,
411,UPT SEMARANG,UPT SEMARANG,GIS 150KV PUDAKPAYUNG,2/28/2026,,1-Very Good,TS - Sistem Pentanahan/Grounding,Close,,,,
412,UPT SEMARANG,UPT SEMARANG,GITET 500KV UNGARAN,2/28/2026,,1-Very Good,TS - Sistem Pentanahan/Grounding,Close,,,,
413,UPT PURWOKERTO,PURWOKERTO,GI 150 kV WONOSOBO,,4/1/2026,Close,TS - FYI,Close,,,,
414,UPT PURWOKERTO,PURWOKERTO,GI 150KV BANYUPUTIH,,5/30/2026,Close,TS - FYI,Close,,,,
415,UPT PURWOKERTO,PURWOKERTO,GI 150KV BANYUPUTIH,,6/30/2026,Close,TS - FYI,Close,,,,
416,UPT PURWOKERTO,PURWOKERTO,GI 150KV BANYUPUTIH,,5/30/2026,Close,TS - FYI,Close,,,,
417,UPT PURWOKERTO,PURWOKERTO,GI 150KV BANYUPUTIH,,5/30/2026,Close,TS - FYI,Close,,,,
418,UPT PURWOKERTO,PURWOKERTO,GI 150KV BANYUPUTIH,,6/30/2026,Close,TS - FYI,Close,,,,
419,UPT SALATIGA,SALATIGA,GI 150KV PURWOREJO,,4/30/2026,Open,TS - FYI,Open,,,,
420,UPT CIREBON,CIREBON,GI 150kV  JATIBARANG,,4/28/2026,Close,TS - FYI,Close,,,,
421,UPT CIREBON,CIREBON,GI 150kV  CIKEDUNG,,4/29/2026,Close,TS - FYI,Close,,,,
422,UPT BANDUNG,BANDUNG,GI 150kV  CIBABAT,,3/30/2026,Close,TS - FYI,Close,,,,
423,UPT BANDUNG,BANDUNG,GI 150kV  CIBABAT,,6/30/2026,Close,TS - FYI,Close,,,,
424,UPT BEKASI,BEKASI,GITET 500kV MUARA TAWAR,,4/25/2026,Close,TS - FYI,Close,,,,
425,UPT BEKASI,BEKASI,GITET 500kV MUARA TAWAR,,4/30/2026,Close,TS - FYI,Close,,,,
426,UPT BEKASI,BEKASI,GI 150kV MUARA TAWAR,,4/30/2026,Close,TS - FYI,Close,,,,
427,UPT BEKASI,BEKASI,GI 150kV MUARA TAWAR,,4/30/2026,Close,TS - FYI,Close,,,,
428,UPT BANDUNG,UPT BANDUNG,GI 150KV BANDUNG SELATAN,,,OPEN,TS - Review & Tindaklanjut LA,Open,,,,
429,UPT BANDUNG,UPT BANDUNG,GI 150KV BANDUNG SELATAN,,,OPEN,TS - Review & Tindaklanjut LA,Open,,,,
430,UPT BANDUNG,UPT BANDUNG,GI 150KV BANDUNG SELATAN,,,OPEN,TS - Review & Tindaklanjut LA,Open,,,,
431,UPT BANDUNG,UPT BANDUNG,GI 150KV NEW RANCAKASUMBA,,,CLOSE,TS - Review & Tindaklanjut LA,Close,,,,
432,UPT BANDUNG,UPT BANDUNG,GI 150KV NEW RANCAKASUMBA,,,CLOSE,TS - Review & Tindaklanjut LA,Close,,,,
433,UPT BANDUNG,UPT BANDUNG,GI 150KV NEW RANCAKASUMBA,,,CLOSE,TS - Review & Tindaklanjut LA,Close,,,,
434,UPT BANDUNG,UPT BANDUNG,GI 150KV BANDUNG SELATAN,,,CLOSE,TS - Review & Tindaklanjut LA,Close,,,,
435,UPT BANDUNG,UPT BANDUNG,GI 150KV BANDUNG SELATAN,,,CLOSE,TS - Review & Tindaklanjut LA,Close,,,,
436,UPT BANDUNG,UPT BANDUNG,GI 150KV BANDUNG SELATAN,,,CLOSE,TS - Review & Tindaklanjut LA,Close,,,,
437,UPT BANDUNG,UPT BANDUNG,GI 150KV NEW RANCAKASUMBA,,,OPEN,TS - Review & Tindaklanjut LA,Open,,,,
438,UPT BANDUNG,UPT BANDUNG,GI 150KV NEW RANCAKASUMBA,,,OPEN,TS - Review & Tindaklanjut LA,Open,,,,
439,UPT BANDUNG,UPT BANDUNG,GI 150KV NEW RANCAKASUMBA,,,OPEN,TS - Review & Tindaklanjut LA,Open,,,,
440,UPT BEKASI,UPT BEKASI,GI 150KV CIBATU,,,CLOSE,TS - Review & Tindaklanjut LA,Close,,,,
441,UPT BEKASI,UPT BEKASI,GI 150KV CIBATU,,,CLOSE,TS - Review & Tindaklanjut LA,Close,,,,
442,UPT BEKASI,UPT BEKASI,GI 150KV CIBATU,,,CLOSE,TS - Review & Tindaklanjut LA,Close,,,,
443,UPT BEKASI,UPT BEKASI,GI 150KV CIBATU,,,OPEN,TS - Review & Tindaklanjut LA,Open,,,,
444,UPT BEKASI,UPT BEKASI,GI 150KV CIBATU,,,OPEN,TS - Review & Tindaklanjut LA,Open,,,,
445,UPT BEKASI,UPT BEKASI,GI 150KV CIBATU,,,OPEN,TS - Review & Tindaklanjut LA,Open,,,,
446,UPT BEKASI,UPT BEKASI,GI 150KV CIBATU,,,OPEN,TS - Review & Tindaklanjut LA,Open,,,,
447,UPT BEKASI,UPT BEKASI,GI 150KV CIBATU,,,OPEN,TS - Review & Tindaklanjut LA,Open,,,,
448,UPT BEKASI,UPT BEKASI,GI 150KV CIBATU,,,CLOSE,TS - Review & Tindaklanjut LA,Close,,,,
449,UPT BEKASI,UPT BEKASI,GI 150KV CIBATU,,,CLOSE,TS - Review & Tindaklanjut LA,Close,,,,
450,UPT BEKASI,UPT BEKASI,GI 150KV CIBATU,,,CLOSE,TS - Review & Tindaklanjut LA,Close,,,,
451,UPT BEKASI,UPT BEKASI,GI 150KV CIBATU,,,OPEN,TS - Review & Tindaklanjut LA,Open,,,,
452,UPT BEKASI,UPT BEKASI,GIS 150KV NEW TAMBUN,7/5/2026,7/5/2026,CLOSE,TS - Review & Tindaklanjut LA,Close,,,,
453,UPT BEKASI,UPT BEKASI,GIS 150KV NEW TAMBUN,7/5/2026,7/5/2026,CLOSE,TS - Review & Tindaklanjut LA,Close,,,,
454,UPT BEKASI,UPT BEKASI,GIS 150KV NEW TAMBUN,7/5/2026,7/5/2026,CLOSE,TS - Review & Tindaklanjut LA,Close,,,,
455,UPT BEKASI,UPT BEKASI,GIS 150KV NEW TAMBUN,,,CLOSE,TS - Review & Tindaklanjut LA,Close,,,,
456,UPT BEKASI,UPT BEKASI,GIS 150KV NEW TAMBUN,,,CLOSE,TS - Review & Tindaklanjut LA,Close,,,,
457,UPT BEKASI,UPT BEKASI,GIS 150KV NEW TAMBUN,,,CLOSE,TS - Review & Tindaklanjut LA,Close,,,,
458,UPT BOGOR,UPT BOGOR,GITET 500KV CIBINONG,4/26/2026,4/26/2026,CLOSE,TS - Review & Tindaklanjut LA,Close,,,,
459,UPT BOGOR,UPT BOGOR,GITET 500KV CIBINONG,4/26/2026,4/26/2026,CLOSE,TS - Review & Tindaklanjut LA,Close,,,,
460,UPT BOGOR,UPT BOGOR,GITET 500KV CIBINONG,4/26/2026,4/26/2026,CLOSE,TS - Review & Tindaklanjut LA,Close,,,,
461,UPT BOGOR,UPT BOGOR,GITET 500KV CIBINONG,8/28/2026,,CLOSE,TS - Review & Tindaklanjut LA,Close,,,,
462,UPT BOGOR,UPT BOGOR,GITET 500KV CIBINONG,8/28/2026,,CLOSE,TS - Review & Tindaklanjut LA,Close,,,,
463,UPT BOGOR,UPT BOGOR,GITET 500KV CIBINONG,8/28/2026,,CLOSE,TS - Review & Tindaklanjut LA,Close,,,,
464,UPT BOGOR,UPT BOGOR,GITET 500KV CIBINONG,7/25/2026,7/25/2026,CLOSE,TS - Review & Tindaklanjut LA,Close,,,,
465,UPT BOGOR,UPT BOGOR,GITET 500KV CIBINONG,7/25/2026,7/25/2026,CLOSE,TS - Review & Tindaklanjut LA,Close,,,,
466,UPT BOGOR,UPT BOGOR,GITET 500KV CIBINONG,7/25/2026,7/25/2026,CLOSE,TS - Review & Tindaklanjut LA,Close,,,,
467,UPT CIREBON,UPT CIREBON,GI 150KV MANDIRANCAN,1/11/2026,1/11/2026,CLOSE,TS - Review & Tindaklanjut LA,Close,,,,
468,UPT CIREBON,UPT CIREBON,GI 150KV MANDIRANCAN,1/11/2026,1/11/2026,CLOSE,TS - Review & Tindaklanjut LA,Close,,,,
469,UPT CIREBON,UPT CIREBON,GI 150KV MANDIRANCAN,1/11/2026,1/11/2026,CLOSE,TS - Review & Tindaklanjut LA,Close,,,,
470,UPT CIREBON,UPT CIREBON,GI 150KV MANDIRANCAN,12/12/2026,,CLOSE,TS - Review & Tindaklanjut LA,Close,,,,
471,UPT CIREBON,UPT CIREBON,GI 150KV MANDIRANCAN,12/12/2026,,CLOSE,TS - Review & Tindaklanjut LA,Close,,,,
472,UPT CIREBON,UPT CIREBON,GI 150KV MANDIRANCAN,12/12/2026,,CLOSE,TS - Review & Tindaklanjut LA,Close,,,,
473,UPT CIREBON,UPT CIREBON,GI 150KV TASIKMALAYA BARU,12/12/2026,,CLOSE,TS - Review & Tindaklanjut LA,Close,,,,
474,UPT CIREBON,UPT CIREBON,GI 150KV TASIKMALAYA BARU,12/12/2026,,CLOSE,TS - Review & Tindaklanjut LA,Close,,,,
475,UPT CIREBON,UPT CIREBON,GI 150KV TASIKMALAYA BARU,12/12/2026,,CLOSE,TS - Review & Tindaklanjut LA,Close,,,,
476,UPT CIREBON,UPT CIREBON,GI 150KV TASIKMALAYA BARU,12/12/2026,,CLOSE,TS - Review & Tindaklanjut LA,Close,,,,
477,UPT CIREBON,UPT CIREBON,GI 150KV TASIKMALAYA BARU,12/12/2026,,CLOSE,TS - Review & Tindaklanjut LA,Close,,,,
478,UPT CIREBON,UPT CIREBON,GI 150KV TASIKMALAYA BARU,12/12/2026,,CLOSE,TS - Review & Tindaklanjut LA,Close,,,,
479,UPT KARAWANG,UPT KARAWANG,GIS 150kV SUKATANI,,,OPEN,TS - Review & Tindaklanjut LA,Open,,,,
480,UPT KARAWANG,UPT KARAWANG,GIS 150kV SUKATANI,,,OPEN,TS - Review & Tindaklanjut LA,Open,,,,
481,UPT KARAWANG,UPT KARAWANG,GIS 150kV SUKATANI,,,OPEN,TS - Review & Tindaklanjut LA,Open,,,,
482,UPT KARAWANG,UPT KARAWANG,GIS 150kV SUKATANI,,,CLOSE,TS - Review & Tindaklanjut LA,Close,,,,
483,UPT KARAWANG,UPT KARAWANG,GIS 150kV SUKATANI,,,CLOSE,TS - Review & Tindaklanjut LA,Close,,,,
484,UPT KARAWANG,UPT KARAWANG,GIS 150kV SUKATANI,,,CLOSE,TS - Review & Tindaklanjut LA,Close,,,,
485,UPT KARAWANG,UPT KARAWANG,GI 150kV CIRATA BARU,,,CLOSE,TS - Review & Tindaklanjut LA,Close,,,,
486,UPT KARAWANG,UPT KARAWANG,GI 150kV CIRATA BARU,,,CLOSE,TS - Review & Tindaklanjut LA,Close,,,,
487,UPT KARAWANG,UPT KARAWANG,GI 150kV CIRATA BARU,,,CLOSE,TS - Review & Tindaklanjut LA,Close,,,,
488,UPT KARAWANG,UPT KARAWANG,GI 150kV CIRATA BARU,,,CLOSE,TS - Review & Tindaklanjut LA,Close,,,,
489,UPT KARAWANG,UPT KARAWANG,GI 150kV CIRATA BARU,,,CLOSE,TS - Review & Tindaklanjut LA,Close,,,,
490,UPT KARAWANG,UPT KARAWANG,GI 150kV CIRATA BARU,,,CLOSE,TS - Review & Tindaklanjut LA,Close,,,,
491,UPT KARAWANG,UPT KARAWANG,GI 150kV CIRATA BARU,,,OPEN,TS - Review & Tindaklanjut LA,Open,,,,
492,UPT KARAWANG,UPT KARAWANG,GI 150kV CIRATA BARU,,,OPEN,TS - Review & Tindaklanjut LA,Open,,,,
493,UPT KARAWANG,UPT KARAWANG,GI 150kV CIRATA BARU,,,OPEN,TS - Review & Tindaklanjut LA,Open,,,,
494,UPT KARAWANG,UPT KARAWANG,GI 150kV DELTAMAS,7/31/2026,,OPEN,TS - Review & Tindaklanjut LA,Open,,,,
495,UPT KARAWANG,UPT KARAWANG,GI 150kV DELTAMAS,7/31/2026,,OPEN,TS - Review & Tindaklanjut LA,Open,,,,
496,UPT KARAWANG,UPT KARAWANG,GI 150kV DELTAMAS,7/31/2026,,OPEN,TS - Review & Tindaklanjut LA,Open,,,,
497,UPT KARAWANG,UPT KARAWANG,GI 150kV DELTAMAS,,,CLOSE,TS - Review & Tindaklanjut LA,Close,,,,
498,UPT KARAWANG,UPT KARAWANG,GI 150kV DELTAMAS,,,CLOSE,TS - Review & Tindaklanjut LA,Close,,,,
499,UPT KARAWANG,UPT KARAWANG,GI 150kV DELTAMAS,,,CLOSE,TS - Review & Tindaklanjut LA,Close,,,,
500,UPT KARAWANG,UPT KARAWANG,GI 150kV DELTAMAS,,,CLOSE,TS - Review & Tindaklanjut LA,Close,,,,
501,UPT KARAWANG,UPT KARAWANG,GI 150kV DELTAMAS,,,CLOSE,TS - Review & Tindaklanjut LA,Close,,,,
502,UPT KARAWANG,UPT KARAWANG,GI 150kV DELTAMAS,,,CLOSE,TS - Review & Tindaklanjut LA,Close,,,,
503,UPT KARAWANG,UPT KARAWANG,GI 150kV DELTAMAS,,,CLOSE,TS - Review & Tindaklanjut LA,Close,,,,
504,UPT KARAWANG,UPT KARAWANG,GI 150kV DELTAMAS,,,CLOSE,TS - Review & Tindaklanjut LA,Close,,,,
505,UPT KARAWANG,UPT KARAWANG,GI 150kV DELTAMAS,,,CLOSE,TS - Review & Tindaklanjut LA,Close,,,,
506,UPT SALATIGA,UPT SALATIGA,GITET 500KV BOYOLALI,,,OPEN,TS - Review & Tindaklanjut LA,Open,,,,
507,UPT SALATIGA,UPT SALATIGA,GITET 500KV BOYOLALI,,,OPEN,TS - Review & Tindaklanjut LA,Open,,,,
508,UPT SALATIGA,UPT SALATIGA,GITET 500KV BOYOLALI,,,OPEN,TS - Review & Tindaklanjut LA,Open,,,,
509,UPT SALATIGA,UPT SALATIGA,GITET 500KV BOYOLALI,,,OPEN,TS - Review & Tindaklanjut LA,Open,,,,
510,UPT SALATIGA,UPT SALATIGA,GITET 500KV BOYOLALI,,,OPEN,TS - Review & Tindaklanjut LA,Open,,,,
511,UPT SALATIGA,UPT SALATIGA,GITET 500KV BOYOLALI,,,OPEN,TS - Review & Tindaklanjut LA,Open,,,,
512,UPT SALATIGA,UPT SALATIGA,GITET 500KV PEDAN,,,CLOSE,TS - Review & Tindaklanjut LA,Close,,,,
513,UPT SALATIGA,UPT SALATIGA,GITET 500KV PEDAN,,,CLOSE,TS - Review & Tindaklanjut LA,Close,,,,
514,UPT SALATIGA,UPT SALATIGA,GITET 500KV PEDAN,,,CLOSE,TS - Review & Tindaklanjut LA,Close,,,,
515,UPT SALATIGA,UPT SALATIGA,GITET 500KV PEDAN,,,OPEN,TS - Review & Tindaklanjut LA,Open,,,,
516,UPT SALATIGA,UPT SALATIGA,GITET 500KV PEDAN,,,OPEN,TS - Review & Tindaklanjut LA,Open,,,,
517,UPT SALATIGA,UPT SALATIGA,GITET 500KV PEDAN,,,OPEN,TS - Review & Tindaklanjut LA,Open,,,,
518,UPT SALATIGA,UPT SALATIGA,GITET 500KV PEDAN,,,OPEN,TS - Review & Tindaklanjut LA,Open,,,,
519,UPT SALATIGA,UPT SALATIGA,GITET 500KV PEDAN,,,OPEN,TS - Review & Tindaklanjut LA,Open,,,,
520,UPT SALATIGA,UPT SALATIGA,GITET 500KV PEDAN,,,OPEN,TS - Review & Tindaklanjut LA,Open,,,,
521,UPT SALATIGA,UPT SALATIGA,GITET 500KV PEDAN,,,CLOSE,TS - Review & Tindaklanjut LA,Close,,,,
522,UPT SALATIGA,UPT SALATIGA,GITET 500KV PEDAN,,,CLOSE,TS - Review & Tindaklanjut LA,Close,,,,
523,UPT SALATIGA,UPT SALATIGA,GITET 500KV PEDAN,,,CLOSE,TS - Review & Tindaklanjut LA,Close,,,,
524,UPT PURWOKERTO,UPT PURWOKERTO,GI 150KV BATANG NEW,,,OPEN,TS - Review & Tindaklanjut LA,Open,,,,
525,UPT PURWOKERTO,UPT PURWOKERTO,GI 150KV BATANG NEW,,,OPEN,TS - Review & Tindaklanjut LA,Open,,,,
526,UPT PURWOKERTO,UPT PURWOKERTO,GI 150KV BATANG NEW,,,OPEN,TS - Review & Tindaklanjut LA,Open,,,,
527,UPT PURWOKERTO,UPT PURWOKERTO,GI 150KV BATANG NEW,,,OPEN,TS - Review & Tindaklanjut LA,Open,,,,
528,UPT PURWOKERTO,UPT PURWOKERTO,GI 150KV BATANG NEW,,,OPEN,TS - Review & Tindaklanjut LA,Open,,,,
529,UPT PURWOKERTO,UPT PURWOKERTO,GI 150KV BATANG NEW,,,OPEN,TS - Review & Tindaklanjut LA,Open,,,,
530,UPT PURWOKERTO,UPT PURWOKERTO,GI 150KV KESUGIHAN,,,OPEN,TS - Review & Tindaklanjut LA,Open,,,,
531,UPT PURWOKERTO,UPT PURWOKERTO,GI 150KV KESUGIHAN,,,OPEN,TS - Review & Tindaklanjut LA,Open,,,,
532,UPT PURWOKERTO,UPT PURWOKERTO,GI 150KV KESUGIHAN,,,OPEN,TS - Review & Tindaklanjut LA,Open,,,,
533,UPT PURWOKERTO,UPT PURWOKERTO,GI 150KV KESUGIHAN,,,OPEN,TS - Review & Tindaklanjut LA,Open,,,,
534,UPT PURWOKERTO,UPT PURWOKERTO,GI 150KV KESUGIHAN,,,OPEN,TS - Review & Tindaklanjut LA,Open,,,,
535,UPT PURWOKERTO,UPT PURWOKERTO,GI 150KV KESUGIHAN,,,OPEN,TS - Review & Tindaklanjut LA,Open,,,,
536,UPT SEMARANG,UPT SEMARANG,GI 150KV UNGARAN,,,OPEN,TS - Review & Tindaklanjut LA,Open,,,,
537,UPT SEMARANG,UPT SEMARANG,GI 150KV UNGARAN,,,OPEN,TS - Review & Tindaklanjut LA,Open,,,,
538,UPT SEMARANG,UPT SEMARANG,GI 150KV UNGARAN,,,OPEN,TS - Review & Tindaklanjut LA,Open,,,,
539,UPT SEMARANG,UPT SEMARANG,GI 150KV UNGARAN,,,CLOSE,TS - Review & Tindaklanjut LA,Close,,,,
540,UPT SEMARANG,UPT SEMARANG,GI 150KV UNGARAN,,,CLOSE,TS - Review & Tindaklanjut LA,Close,,,,
541,UPT SEMARANG,UPT SEMARANG,GI 150KV UNGARAN,,,OPEN,TS - Review & Tindaklanjut LA,Open,,,,
542,UPT SEMARANG,UPT SEMARANG,GI 150KV UNGARAN,,,OPEN,TS - Review & Tindaklanjut LA,Open,,,,
543,UPT SEMARANG,UPT SEMARANG,GI 150KV UNGARAN,,,CLOSE,TS - Review & Tindaklanjut LA,Close,,,,
544,UPT SEMARANG,UPT SEMARANG,GI 150KV UNGARAN,,,OPEN,TS - Review & Tindaklanjut LA,Open,,,,
545,UPT PURWOKERTO,PURWOKERTO,GI 150KV MRICA,,3/12/2026,Close,MCL - Upskilling Operator simulasi BUKU MERAH,Close,,,,
546,UPT PURWOKERTO,PURWOKERTO,GI 150KV PURBALINGGA,,3/11/2026,Close,MCL - Upskilling Operator simulasi BUKU MERAH,Close,,,,
547,UPT PURWOKERTO,PURWOKERTO,GI 150KV RAWALO,,3/16/2026,Close,MCL - Upskilling Operator simulasi BUKU MERAH,Close,,,,
548,UPT PURWOKERTO,PURWOKERTO,GI 150KV WONOSOBO,,3/11/2026,Close,MCL - Upskilling Operator simulasi BUKU MERAH,Close,,,,
549,UPT PURWOKERTO,PURWOKERTO,GITET 500KV PEMALANG,,3/11/2026,Close,MCL - Upskilling Operator simulasi BUKU MERAH,Close,,,,
550,UPT PURWOKERTO,PURWOKERTO,GITET 500KV KESUGIHAN,,3/11/2026,Close,MCL - Upskilling Operator simulasi BUKU MERAH,Close,,,,
551,UPT PURWOKERTO,PURWOKERTO,GISTET 500KV ADIPALA,,3/9/2026,Close,MCL - Upskilling Operator simulasi BUKU MERAH,Close,,,,
552,UPT SALATIGA,SALATIGA,GITET 500KV PEDAN,,3/4/2026,Close,MCL - Upskilling Operator simulasi BUKU MERAH,Close,,,,
553,UPT SALATIGA,SALATIGA,GITET 500KV BOYOLALI,,3/4/2026,Close,MCL - Upskilling Operator simulasi BUKU MERAH,Close,,,,
554,UPT SEMARANG,SEMARANG,GI 150KV SAYUNG,,3/16/2026,Close,MCL - Upskilling Operator simulasi BUKU MERAH,Close,,,,
555,UPT SEMARANG,SEMARANG,GI 150KV TANJUNG JATI,,3/16/2026,Close,MCL - Upskilling Operator simulasi BUKU MERAH,Close,,,,
556,UPT SEMARANG,SEMARANG,GI 150KV KUDUS,,3/16/2026,Close,MCL - Upskilling Operator simulasi BUKU MERAH,Close,,,,
557,UPT SEMARANG,SEMARANG,GI 150KV JEKULO,,3/16/2026,Close,MCL - Upskilling Operator simulasi BUKU MERAH,Close,,,,
558,UPT SEMARANG,SEMARANG,GI 150KV TANJUNG JATI,,,Open,MCL - Upskilling Operator simulasi BUKU MERAH,Open,,,,
559,UPT SEMARANG,SEMARANG,GI 150KV PATI,,3/13/2026,Close,MCL - Upskilling Operator simulasi BUKU MERAH,Close,,,,
560,UPT SEMARANG,SEMARANG,GI 150KV REMBANG,,3/13/2026,Close,MCL - Upskilling Operator simulasi BUKU MERAH,Close,,,,
561,UPT SEMARANG,SEMARANG,GIS 150kV TAMBAKLOROK III,,3/12/2026,Close,MCL - Upskilling Operator simulasi BUKU MERAH,Close,,,,
562,UPT SEMARANG,SEMARANG,GITET 500KV UNGARAN,,3/12/2026,Close,MCL - Upskilling Operator simulasi BUKU MERAH,Close,,,,
563,UPT BANDUNG,BANDUNG,GI 70KV CIKALONG,,,Open,MCL - Upskilling Operator simulasi BUKU MERAH,Open,,,,
564,UPT BANDUNG,BANDUNG,GI 70KV LAMAJAN,,,Open,MCL - Upskilling Operator simulasi BUKU MERAH,Open,,,,
565,UPT BANDUNG,BANDUNG,GI 70KV SANTOSA,,6/10/2026,Close,MCL - Upskilling Operator simulasi BUKU MERAH,Close,,,,
566,UPT BANDUNG,BANDUNG,GI 70KV WAYANG WINDU,,,Open,MCL - Upskilling Operator simulasi BUKU MERAH,Open,,,,
567,UPT BANDUNG,BANDUNG,GI 150KV WAYANG WINDU,,,Open,MCL - Upskilling Operator simulasi BUKU MERAH,Open,,,,
568,UPT BANDUNG,BANDUNG,GISTET 500KV SAGULING,,3/12/2026,Close,MCL - Upskilling Operator simulasi BUKU MERAH,Close,,,,
569,UPT BANDUNG,BANDUNG,GITET 500KV BANDUNG SELATAN,,4/1/2026,Close,MCL - Upskilling Operator simulasi BUKU MERAH,Close,,,,
570,UPT BANDUNG,BANDUNG,GITET 500KV NEW UJUNGBERUNG,,6/18/2026,Close,MCL - Upskilling Operator simulasi BUKU MERAH,Close,,,,
571,UPT BEKASI,BEKASI,GITET 500KV MUARATAWAR,,6/15/2026,Close,MCL - Upskilling Operator simulasi BUKU MERAH,Close,,,,
572,UPT BEKASI,BEKASI,GISTET 500KV NEW TAMBUN,,,Open,MCL - Upskilling Operator simulasi BUKU MERAH,Open,,,,
573,UPT BOGOR,BOGOR,GITET 500KV CIBINONG,,5/7/2026,Close,MCL - Upskilling Operator simulasi BUKU MERAH,Close,,,,
574,UPT CIREBON,CIREBON,GITET 500KV MANDIRANCAN,,,Open,MCL - Upskilling Operator simulasi BUKU MERAH,Open,,,,
575,UPT CIREBON,CIREBON,GITET 500KV INDRAMAYU,,,Open,MCL - Upskilling Operator simulasi BUKU MERAH,Open,,,,
576,UPT CIREBON,CIREBON,GITET 500KV TASIKMALAYA,,,Open,MCL - Upskilling Operator simulasi BUKU MERAH,Open,,,,
577,UPT KARAWANG,KARAWANG,GITET 500KV CIRATA,,4/16/2026,Close,MCL - Upskilling Operator simulasi BUKU MERAH,Close,,,,
578,UPT KARAWANG,KARAWANG,GISTET 500KV SUKATANI,,4/22/2026,Close,MCL - Upskilling Operator simulasi BUKU MERAH,Close,,,,
579,UPT KARAWANG,KARAWANG,GITET 500KV DELTAMAS,,5/22/2026,Close,MCL - Upskilling Operator simulasi BUKU MERAH,Close,,,,